id,first_name,last_name,email,gender
1,Goldia,Haster,ghaster0@hexun.com,Female
2,Augustine,Witherby,awitherby1@hexun.com,Female
3,Camille,Merton,cmerton2@gravatar.com,Genderfluid
4,Cookie,Zuker,czuker3@desdev.cn,Female
5,Talyah,MacGilpatrick,tmacgilpatrick4@usnews.com,Female
6,Marlene,Petteford,mpetteford5@jalbum.net,Bigender
7,Kain,Deverille,kdeverille6@usnews.com,Bigender
8,Drucy,Deyes,ddeyes7@google.de,Female
9,Ringo,Hover,rhover8@joomla.org,Male
10,Alexina,Byng,abyng9@youtube.com,Female
11,Vance,Hunday,vhundaya@sina.com.cn,Male
12,Dollie,Hause,dhauseb@webeden.co.uk,Female
13,Sidoney,Vanyatin,svanyatinc@xinhuanet.com,Female
14,Lia,Basilone,lbasiloned@youku.com,Female
15,Lorelle,Burl,lburle@nymag.com,Female
16,Audy,Gormally,agormallyf@shareasale.com,Female
17,Barri,Spykings,bspykingsg@arstechnica.com,Male
18,Buffy,Pettipher,bpettipherh@npr.org,Female
19,Alexandros,Scandred,ascandredi@altervista.org,Male
20,Bud,Regorz,bregorzj@ebay.co.uk,Male
21,Gaylord,Cannam,gcannamk@google.de,Male
22,Torrey,Mearing,tmearingl@rakuten.co.jp,Male
23,Tymothy,Jako,tjakom@acquirethisname.com,Male
24,Fayre,Muskett,fmuskettn@sogou.com,Genderfluid
25,Wells,Dunnet,wdunneto@gov.uk,Male
26,Findley,Panther,fpantherp@google.ca,Male
27,Antonin,Jacobowicz,ajacobowiczq@ucsd.edu,Male
28,Dina,Normanell,dnormanellr@mozilla.org,Female
29,Vasili,Hattam,vhattams@opensource.org,Male
30,Artemus,Beddall,abeddallt@reverbnation.com,Male
31,Maude,Pinchen,mpinchenu@fastcompany.com,Female
32,Dotty,Downse,ddownsev@icio.us,Female
33,Renata,Windress,rwindressw@dailymotion.com,Female
34,Jakie,Tschirschky,jtschirschkyx@businesswire.com,Male
35,Yvon,Yitzhakof,yyitzhakofy@ow.ly,Male
36,Quinn,Kellet,qkelletz@privacy.gov.au,Male
37,Con,Laflin,claflin10@noaa.gov,Male
38,Ingmar,O'Grogane,iogrogane11@economist.com,Male
39,Austina,Brokenbrow,abrokenbrow12@digg.com,Female
40,Donnajean,McCraine,dmccraine13@tinypic.com,Polygender
41,Lexy,Iacovucci,liacovucci14@telegraph.co.uk,Female
42,Eal,Filipowicz,efilipowicz15@blog.com,Genderfluid
43,Winni,Domotor,wdomotor16@foxnews.com,Female
44,Krystalle,Springtorp,kspringtorp17@deliciousdays.com,Female
45,Corney,Gannicleff,cgannicleff18@bbb.org,Agender
46,Missy,Dansie,mdansie19@google.ru,Female
47,Josey,Peskett,jpeskett1a@last.fm,Female
48,Krissie,Adney,kadney1b@oracle.com,Genderfluid
49,Hurleigh,Akers,hakers1c@soup.io,Polygender
50,Elga,Cracknall,ecracknall1d@cnbc.com,Female
51,Lyon,Tavinor,ltavinor1e@pbs.org,Male
52,Nolly,Ventum,nventum1f@nature.com,Male
53,Zebadiah,Teese,zteese1g@icq.com,Male
54,Adore,Sporgeon,asporgeon1h@ft.com,Female
55,Davide,Mallard,dmallard1i@netvibes.com,Male
56,Goran,McBean,gmcbean1j@edublogs.org,Male
57,Chaddy,Leander,cleander1k@mediafire.com,Genderfluid
58,Judd,Andreou,jandreou1l@nasa.gov,Male
59,Ceciley,Nisbet,cnisbet1m@pagesperso-orange.fr,Female
60,Alonso,Corran,acorran1n@slideshare.net,Male
61,Jacquelynn,McManamen,jmcmanamen1o@constantcontact.com,Female
62,Clare,Egiloff,cegiloff1p@livejournal.com,Polygender
63,Barbette,Swiffan,bswiffan1q@tinypic.com,Bigender
64,Hillery,Turbern,hturbern1r@vimeo.com,Agender
65,Etan,Miner,eminer1s@altervista.org,Male
66,Ronny,Leal,rleal1t@arizona.edu,Male
67,Tandie,Duxbury,tduxbury1u@angelfire.com,Female
68,Lemmy,Crauford,lcrauford1v@uiuc.edu,Male
69,Danya,Voller,dvoller1w@flavors.me,Male
70,Simone,Faldo,sfaldo1x@vkontakte.ru,Male
71,Hy,Siddall,hsiddall1y@blogtalkradio.com,Non-binary
72,Pincus,O'Lenane,polenane1z@fema.gov,Male
73,Neile,McIlvoray,nmcilvoray20@alibaba.com,Female
74,Shaine,Cockren,scockren21@ask.com,Male
75,Georgina,Armin,garmin22@sphinn.com,Female
76,Bridget,Thurston,bthurston23@chron.com,Female
77,Gabriello,Balogh,gbalogh24@1688.com,Male
78,Leupold,Hogbin,lhogbin25@ask.com,Male
79,Genevieve,Blanket,gblanket26@bing.com,Female
80,Rudiger,Rigg,rrigg27@scribd.com,Male
81,Lyndsay,Keitch,lkeitch28@hhs.gov,Female
82,Monti,Foulsham,mfoulsham29@sitemeter.com,Male
83,Ambrose,Muckersie,amuckersie2a@newsvine.com,Male
84,Genny,Ammer,gammer2b@people.com.cn,Female
85,Blakelee,Beasleigh,bbeasleigh2c@github.io,Female
86,Mort,Waghorn,mwaghorn2d@seesaa.net,Male
87,Timotheus,Turneaux,tturneaux2e@delicious.com,Male
88,Irina,Hamby,ihamby2f@army.mil,Female
89,Paxon,Giannassi,pgiannassi2g@tamu.edu,Male
90,Doretta,Jacquemy,djacquemy2h@digg.com,Female
91,Gallagher,Martschke,gmartschke2i@example.com,Male
92,Lelah,Peniman,lpeniman2j@cisco.com,Female
93,Rasla,Daybell,rdaybell2k@feedburner.com,Female
94,Avery,McGaugey,amcgaugey2l@trellian.com,Male
95,Kendal,Dignum,kdignum2m@networksolutions.com,Male
96,Hermine,Winders,hwinders2n@phpbb.com,Female
97,Evvie,Lissandrini,elissandrini2o@bandcamp.com,Female
98,Mariam,Bote,mbote2p@nbcnews.com,Female
99,Cynthia,Thonger,cthonger2q@pinterest.com,Female
100,Ellerey,Pautard,epautard2r@goo.gl,Male
101,Bil,Van Arsdale,bvanarsdale2s@nytimes.com,Male
102,Derward,Stinson,dstinson2t@arizona.edu,Male
103,Rosemonde,Meaton,rmeaton2u@eepurl.com,Female
104,Carolan,Such,csuch2v@nydailynews.com,Female
105,Gilburt,Muff,gmuff2w@stumbleupon.com,Male
106,Vilma,Ghiotto,vghiotto2x@ustream.tv,Female
107,Salomo,Geely,sgeely2y@chicagotribune.com,Male
108,Ignaz,Regglar,iregglar2z@e-recht24.de,Male
109,Valma,Purdom,vpurdom30@prnewswire.com,Female
110,Thedric,Adnams,tadnams31@netlog.com,Male
111,Rhiamon,Grishmanov,rgrishmanov32@gmpg.org,Female
112,Clarisse,Bartlet,cbartlet33@rambler.ru,Female
113,Waly,Ellinor,wellinor34@about.com,Female
114,Beverlee,Dulen,bdulen35@tripod.com,Polygender
115,Laure,McDowell,lmcdowell36@yellowbook.com,Female
116,Ailis,O'Hagan,aohagan37@icio.us,Female
117,Druci,Phipson,dphipson38@sfgate.com,Female
118,Shae,Rosenfarb,srosenfarb39@ed.gov,Male
119,Abbey,Gibben,agibben3a@aboutads.info,Bigender
120,Emilie,Littlemore,elittlemore3b@census.gov,Female
121,Artemas,Brownill,abrownill3c@yolasite.com,Male
122,Emile,Andryunin,eandryunin3d@google.cn,Male
123,Joy,Strover,jstrover3e@dyndns.org,Female
124,Virgie,Meah,vmeah3f@phpbb.com,Female
125,Jud,Bluett,jbluett3g@squidoo.com,Male
126,Tamma,Waliszewski,twaliszewski3h@hugedomains.com,Female
127,Dru,Jobin,djobin3i@amazon.co.uk,Bigender
128,Vivianne,Heistermann,vheistermann3j@about.com,Female
129,Cyrill,Sherel,csherel3k@wunderground.com,Male
130,Scarface,Edwicke,sedwicke3l@businessweek.com,Male
131,Miltie,Deerr,mdeerr3m@gmpg.org,Male
132,Burton,Nardoni,bnardoni3n@eventbrite.com,Male
133,Ericka,Dunley,edunley3o@google.de,Female
134,Veradis,Fearnsides,vfearnsides3p@topsy.com,Female
135,Mayne,Heaney`,mheaney3q@usda.gov,Male
136,Vonny,Gravie,vgravie3r@liveinternet.ru,Female
137,Cornell,Ramlot,cramlot3s@edublogs.org,Male
138,Joelly,Dawidowicz,jdawidowicz3t@usa.gov,Female
139,Ameline,Jesse,ajesse3u@goo.gl,Female
140,Glory,Quin,gquin3v@nifty.com,Female
141,Kyla,Semeradova,ksemeradova3w@paginegialle.it,Female
142,Luther,Treleaven,ltreleaven3x@cnbc.com,Male
143,Nolie,Bracey,nbracey3y@naver.com,Female
144,Hilarius,Veivers,hveivers3z@apple.com,Male
145,Goldina,Fassman,gfassman40@youtu.be,Female
146,Tadeo,Sobey,tsobey41@fastcompany.com,Genderqueer
147,Rooney,Borell,rborell42@illinois.edu,Male
148,Margarete,Swift,mswift43@cargocollective.com,Female
149,Tedi,Huett,thuett44@bloomberg.com,Female
150,Merrill,MacNamee,mmacnamee45@trellian.com,Male
151,Claiborne,McLennan,cmclennan46@w3.org,Male
152,Carney,Bertelmot,cbertelmot47@marriott.com,Male
153,Jamison,Hosburn,jhosburn48@infoseek.co.jp,Male
154,Jewell,Rofe,jrofe49@domainmarket.com,Female
155,Gus,Tonks,gtonks4a@ftc.gov,Male
156,Adore,Mosley,amosley4b@ezinearticles.com,Bigender
157,Hart,Steutly,hsteutly4c@wunderground.com,Male
158,Wendall,Pavlik,wpavlik4d@wufoo.com,Male
159,Tomkin,Riddock,triddock4e@sitemeter.com,Polygender
160,Judye,Spraberry,jspraberry4f@cloudflare.com,Female
161,Teador,Strode,tstrode4g@nih.gov,Male
162,Fanni,Gisborne,fgisborne4h@yelp.com,Female
163,Pasquale,Richardot,prichardot4i@bloglovin.com,Male
164,Amalle,MacGorley,amacgorley4j@census.gov,Female
165,Saudra,Grelik,sgrelik4k@mail.ru,Genderfluid
166,Crissie,Cardenas,ccardenas4l@microsoft.com,Female
167,Lainey,Ogle,logle4m@symantec.com,Female
168,Belita,Rudland,brudland4n@addthis.com,Female
169,Chadwick,Stepney,cstepney4o@simplemachines.org,Male
170,Dominik,Planks,dplanks4p@paypal.com,Male
171,Kori,Kernermann,kkernermann4q@jalbum.net,Female
172,Jerrome,Foskin,jfoskin4r@elpais.com,Male
173,Walton,Akester,wakester4s@123-reg.co.uk,Male
174,Kele,Harsent,kharsent4t@reverbnation.com,Male
175,Elonore,Dalinder,edalinder4u@java.com,Female
176,Nanon,Linger,nlinger4v@ox.ac.uk,Female
177,Morgan,Tesimon,mtesimon4w@purevolume.com,Non-binary
178,Tyne,Emerine,temerine4x@hc360.com,Female
179,Ulrick,Amberson,uamberson4y@canalblog.com,Male
180,Heall,Kellett,hkellett4z@nifty.com,Male
181,Diahann,McFaell,dmcfaell50@reuters.com,Female
182,Nessy,Nears,nnears51@alibaba.com,Female
183,Luigi,Abbott,labbott52@friendfeed.com,Male
184,Bendite,Stillman,bstillman53@nifty.com,Female
185,Gerda,Petr,gpetr54@gov.uk,Female
186,Luz,Luscott,lluscott55@pagesperso-orange.fr,Female
187,Griff,Embling,gembling56@etsy.com,Male
188,Humberto,Riddlesden,hriddlesden57@nymag.com,Male
189,Fonz,Tattoo,ftattoo58@issuu.com,Male
190,Obadias,Hazeltine,ohazeltine59@wordpress.org,Male
191,Miran,Lakenden,mlakenden5a@pbs.org,Female
192,Simeon,Sanpher,ssanpher5b@ask.com,Male
193,Kristi,Grills,kgrills5c@oaic.gov.au,Female
194,Marilee,Blanpein,mblanpein5d@barnesandnoble.com,Genderfluid
195,Petey,Reeman,preeman5e@amazon.de,Male
196,Corbett,Brinkler,cbrinkler5f@lulu.com,Male
197,Cleveland,McCallum,cmccallum5g@opensource.org,Male
198,Chicky,De Pero,cdepero5h@over-blog.com,Female
199,Collen,Stammirs,cstammirs5i@census.gov,Female
200,Wiley,Bim,wbim5j@hugedomains.com,Male
201,Griswold,Raynton,graynton5k@miitbeian.gov.cn,Male
202,Cob,Dytham,cdytham5l@1und1.de,Male
203,Sly,Goghin,sgoghin5m@smugmug.com,Male
204,Emlynn,Blaydon,eblaydon5n@purevolume.com,Female
205,Jack,Langan,jlangan5o@washington.edu,Male
206,Ignaz,Briiginshaw,ibriiginshaw5p@goo.gl,Male
207,Cassy,Friskey,cfriskey5q@reverbnation.com,Female
208,Francis,MacDowal,fmacdowal5r@hubpages.com,Male
209,Bernete,Dursley,bdursley5s@google.com,Female
210,Tami,Goodluck,tgoodluck5t@unicef.org,Female
211,Agatha,Chetter,achetter5u@meetup.com,Female
212,Merilyn,Worvill,mworvill5v@answers.com,Bigender
213,Meara,Hartil,mhartil5w@facebook.com,Female
214,Donielle,Whitehurst,dwhitehurst5x@wordpress.com,Female
215,Maddy,Emps,memps5y@bbb.org,Female
216,Anthia,Gripton,agripton5z@cisco.com,Female
217,Alain,Efford,aefford60@storify.com,Bigender
218,Winthrop,Nanuccioi,wnanuccioi61@msu.edu,Male
219,Arie,Klug,aklug62@icq.com,Male
220,Dennis,Pryde,dpryde63@usnews.com,Male
221,Tedra,Casaletto,tcasaletto64@skyrock.com,Female
222,Emory,Dunley,edunley65@craigslist.org,Male
223,Cleve,Syder,csyder66@symantec.com,Male
224,Gene,Lesser,glesser67@hexun.com,Female
225,Mohandas,Killeley,mkilleley68@youtu.be,Male
226,Alard,MacShane,amacshane69@networksolutions.com,Male
227,Maris,Lobb,mlobb6a@kickstarter.com,Female
228,Maurene,Suttill,msuttill6b@businessweek.com,Female
229,Winn,Cail,wcail6c@aol.com,Male
230,Skipton,Cappell,scappell6d@newyorker.com,Male
231,Mehetabel,Balas,mbalas6e@mediafire.com,Female
232,Shena,Bambury,sbambury6f@sohu.com,Non-binary
233,Isaiah,Gilhool,igilhool6g@hexun.com,Male
234,Marie-ann,Saffle,msaffle6h@newsvine.com,Female
235,Xenos,Ablett,xablett6i@wired.com,Male
236,Elaina,Cator,ecator6j@slate.com,Female
237,Fionnula,Fache,ffache6k@boston.com,Female
238,Noah,Arnaudin,narnaudin6l@vinaora.com,Male
239,Danni,Balogun,dbalogun6m@berkeley.edu,Female
240,Agata,Roughsedge,aroughsedge6n@howstuffworks.com,Female
241,Garth,Bullimore,gbullimore6o@washingtonpost.com,Male
242,Franklin,Hechlin,fhechlin6p@stumbleupon.com,Male
243,Tully,Lezemere,tlezemere6q@guardian.co.uk,Bigender
244,Rudyard,Khristoforov,rkhristoforov6r@canalblog.com,Male
245,Gwynne,Proudler,gproudler6s@yahoo.com,Female
246,Noel,Semiraz,nsemiraz6t@last.fm,Bigender
247,Eilis,Lagne,elagne6u@studiopress.com,Female
248,Kristofer,Sirmond,ksirmond6v@yelp.com,Male
249,Pollyanna,Carnall,pcarnall6w@joomla.org,Genderfluid
250,Shel,Zarb,szarb6x@ustream.tv,Female
251,Frazier,Bim,fbim6y@mtv.com,Polygender
252,Maxi,Gobbet,mgobbet6z@about.me,Polygender
253,Bendix,Larmuth,blarmuth70@mapquest.com,Male
254,Ricca,Baccus,rbaccus71@samsung.com,Female
255,Ray,Wellesley,rwellesley72@ed.gov,Female
256,Brocky,Mibourne,bmibourne73@themeforest.net,Male
257,Kevin,Andrick,kandrick74@dell.com,Male
258,Sean,Porritt,sporritt75@skyrock.com,Male
259,Alexandrina,Scaife,ascaife76@ifeng.com,Female
260,Roby,Corke,rcorke77@smh.com.au,Female
261,Burty,Ranaghan,branaghan78@domainmarket.com,Male
262,Raynard,Lardnar,rlardnar79@state.gov,Male
263,Averill,Buckoke,abuckoke7a@storify.com,Male
264,Carol,Scattergood,cscattergood7b@com.com,Female
265,Hersh,Angood,hangood7c@deviantart.com,Male
266,Sonya,Cridge,scridge7d@symantec.com,Female
267,Pierson,McCoughan,pmccoughan7e@liveinternet.ru,Male
268,Hetty,Lecky,hlecky7f@vkontakte.ru,Female
269,Waiter,Stuckey,wstuckey7g@eventbrite.com,Male
270,Peadar,Crother,pcrother7h@springer.com,Male
271,Chere,Calverley,ccalverley7i@reddit.com,Female
272,Syman,Cowden,scowden7j@wsj.com,Male
273,Desiri,Standidge,dstandidge7k@wikispaces.com,Female
274,Celestyn,Gianninotti,cgianninotti7l@reuters.com,Female
275,Maegan,Pettinger,mpettinger7m@discovery.com,Genderqueer
276,Berti,Yarn,byarn7n@mayoclinic.com,Female
277,Marvin,Tejero,mtejero7o@blinklist.com,Male
278,Gabriell,Llopis,gllopis7p@goo.ne.jp,Female
279,Jarib,Apfel,japfel7q@gov.uk,Male
280,Marcelia,Clout,mclout7r@hostgator.com,Polygender
281,Lorilyn,Eastby,leastby7s@mysql.com,Female
282,Franzen,Gosart,fgosart7t@jugem.jp,Male
283,Ardine,Drinnan,adrinnan7u@soup.io,Female
284,Ines,Fost,ifost7v@hao123.com,Female
285,Chiquia,Swadlinge,cswadlinge7w@ftc.gov,Female
286,Dannel,Richfield,drichfield7x@cbc.ca,Male
287,Dame,Matteotti,dmatteotti7y@vimeo.com,Non-binary
288,Bernadette,Songhurst,bsonghurst7z@archive.org,Female
289,Huntington,Richly,hrichly80@marketwatch.com,Male
290,Gustaf,Vicent,gvicent81@mysql.com,Male
291,Eve,Darton,edarton82@aboutads.info,Female
292,Hilarius,Thake,hthake83@ucoz.ru,Male
293,Jerrold,Swinglehurst,jswinglehurst84@amazonaws.com,Male
294,Marietta,Fanning,mfanning85@shutterfly.com,Male
295,Nicko,Cleaver,ncleaver86@wp.com,Male
296,Dannie,Kinnin,dkinnin87@cbsnews.com,Male
297,James,Geary,jgeary88@example.com,Male
298,Cameron,Strathern,cstrathern89@google.com,Male
299,Jamey,Heilds,jheilds8a@time.com,Male
300,Winifield,Zucker,wzucker8b@clickbank.net,Male
301,Danit,Reekie,dreekie8c@globo.com,Female
302,Rozanna,Ricarde,rricarde8d@barnesandnoble.com,Female
303,Vinni,Lawee,vlawee8e@shutterfly.com,Female
304,Philip,Oboy,poboy8f@icq.com,Male
305,Yvor,Lawey,ylawey8g@biglobe.ne.jp,Male
306,Wally,Wisdom,wwisdom8h@nydailynews.com,Female
307,Reade,Larmour,rlarmour8i@berkeley.edu,Male
308,Lilllie,Demongeot,ldemongeot8j@uiuc.edu,Female
309,Shellie,Batrim,sbatrim8k@desdev.cn,Genderfluid
310,Charlton,Bruins,cbruins8l@comcast.net,Male
311,Westbrooke,Worstall,wworstall8m@nature.com,Male
312,Mohammed,Jemmison,mjemmison8n@canalblog.com,Male
313,Gilberta,Mournian,gmournian8o@free.fr,Female
314,Letti,Vinall,lvinall8p@ox.ac.uk,Female
315,Thatcher,Stag,tstag8q@bing.com,Male
316,Tobin,Bootes,tbootes8r@unblog.fr,Male
317,Ania,Bagnall,abagnall8s@livejournal.com,Bigender
318,Killian,Shafier,kshafier8t@cornell.edu,Male
319,Pate,Lanchbery,planchbery8u@bizjournals.com,Male
320,Leonerd,Czaple,lczaple8v@marketwatch.com,Genderqueer
321,Trstram,Pyke,tpyke8w@abc.net.au,Genderqueer
322,Rasla,Gooble,rgooble8x@imageshack.us,Genderqueer
323,Justin,Snedden,jsnedden8y@scientificamerican.com,Male
324,Kimmy,Longstaffe,klongstaffe8z@nsw.gov.au,Female
325,Alfy,Turbill,aturbill90@domainmarket.com,Male
326,Zebedee,Hegley,zhegley91@wikispaces.com,Male
327,Laurence,Woolland,lwoolland92@t-online.de,Male
328,Lurlene,Gibbie,lgibbie93@arizona.edu,Non-binary
329,Miles,Badsworth,mbadsworth94@cloudflare.com,Male
330,Rene,Delamar,rdelamar95@europa.eu,Female
331,Marla,Francesc,mfrancesc96@360.cn,Female
332,Dani,Flacknoe,dflacknoe97@nyu.edu,Genderqueer
333,Inna,O'Sharry,iosharry98@cloudflare.com,Non-binary
334,Danica,Binfield,dbinfield99@oaic.gov.au,Female
335,Lancelot,Penhalurick,lpenhalurick9a@indiatimes.com,Male
336,Vince,Utteridge,vutteridge9b@hhs.gov,Genderqueer
337,Stephine,Juliano,sjuliano9c@cmu.edu,Female
338,Sybille,Escoffrey,sescoffrey9d@scribd.com,Female
339,Erinna,Abyss,eabyss9e@oaic.gov.au,Female
340,Alva,Sharkey,asharkey9f@china.com.cn,Male
341,Maurine,Pinnock,mpinnock9g@hp.com,Polygender
342,Piotr,Trittam,ptrittam9h@booking.com,Male
343,Cristie,Antcliffe,cantcliffe9i@msu.edu,Non-binary
344,Cherianne,Crohan,ccrohan9j@dot.gov,Female
345,Edie,Swindin,eswindin9k@alibaba.com,Female
346,George,Maharg,gmaharg9l@squarespace.com,Non-binary
347,Haleigh,Southcomb,hsouthcomb9m@ca.gov,Female
348,Seamus,Eilhermann,seilhermann9n@accuweather.com,Male
349,Kenny,Creus,kcreus9o@sciencedirect.com,Male
350,Laird,Showering,lshowering9p@lycos.com,Male
351,Ryan,Getsham,rgetsham9q@edublogs.org,Male
352,Kendrick,Artois,kartois9r@seesaa.net,Male
353,Chantal,Preene,cpreene9s@gmpg.org,Female
354,Terencio,Gane,tgane9t@issuu.com,Male
355,Norri,Cabena,ncabena9u@dailymotion.com,Female
356,Arlina,Willox,awillox9v@bloglovin.com,Female
357,Kristoffer,Sermin,ksermin9w@behance.net,Male
358,Cassius,Feast,cfeast9x@boston.com,Male
359,Wally,Milbank,wmilbank9y@nationalgeographic.com,Female
360,Stanfield,Drugan,sdrugan9z@theguardian.com,Male
361,Filberto,MacQueen,fmacqueena0@yellowpages.com,Male
362,Derick,Licquorish,dlicquorisha1@cam.ac.uk,Male
363,Noam,Vuittet,nvuitteta2@twitpic.com,Male
364,Nerta,Dreakin,ndreakina3@dyndns.org,Female
365,Nata,Maryska,nmaryskaa4@illinois.edu,Non-binary
366,Benedetta,Burchill,bburchilla5@seattletimes.com,Female
367,Vladimir,Garthside,vgarthsidea6@europa.eu,Male
368,Giraldo,Ivanenkov,givanenkova7@japanpost.jp,Male
369,Dasha,Mackelworth,dmackelwortha8@wsj.com,Female
370,Rivalee,Guinane,rguinanea9@simplemachines.org,Female
371,Arlana,Wreford,awrefordaa@reference.com,Female
372,Beatrix,Stanes,bstanesab@go.com,Polygender
373,Nissy,Bragg,nbraggac@goo.gl,Female
374,Rafe,Gohier,rgohierad@amazon.co.jp,Male
375,Rolf,Canape,rcanapeae@nhs.uk,Male
376,Corrie,Gloy,cgloyaf@discuz.net,Male
377,Beniamino,Snoddin,bsnoddinag@studiopress.com,Male
378,Madelaine,Brugden,mbrugdenah@ted.com,Female
379,Consuelo,Kivelle,ckivelleai@nyu.edu,Female
380,Syd,Tenny,stennyaj@imageshack.us,Male
381,Sal,Ottewell,sottewellak@nasa.gov,Bigender
382,Fania,Dohms,fdohmsal@zdnet.com,Female
383,Olag,Shalcras,oshalcrasam@people.com.cn,Male
384,Emmet,Matuska,ematuskaan@networkadvertising.org,Male
385,Maison,Glinde,mglindeao@chicagotribune.com,Male
386,Rosalinda,Myrkus,rmyrkusap@patch.com,Female
387,Tom,Avis,tavisaq@paypal.com,Male
388,Buck,Chislett,bchislettar@nyu.edu,Male
389,Scottie,Corteis,scorteisas@networksolutions.com,Male
390,Jeffy,Hawarden,jhawardenat@bing.com,Male
391,Genevra,Wickwarth,gwickwarthau@wisc.edu,Female
392,Keelby,Ridde,kriddeav@harvard.edu,Male
393,Marijn,Martinovic,mmartinovicaw@google.ca,Male
394,Maura,Stranger,mstrangerax@devhub.com,Female
395,Odie,Pinching,opinchingay@cdc.gov,Male
396,Pearle,Kibard,pkibardaz@cafepress.com,Female
397,Leslie,Showte,lshowteb0@youtu.be,Female
398,Barbie,Fautly,bfautlyb1@reuters.com,Female
399,Padraic,Devas,pdevasb2@photobucket.com,Male
400,Janka,Bourbon,jbourbonb3@nifty.com,Female
401,Nelia,Bogeys,nbogeysb4@opera.com,Female
402,Jenifer,Llorente,jllorenteb5@godaddy.com,Female
403,Georgi,Wisby,gwisbyb6@uol.com.br,Male
404,Lavena,Curro,lcurrob7@ted.com,Female
405,Melvin,Sabine,msabineb8@tripadvisor.com,Male
406,Lind,Attenbrow,lattenbrowb9@ehow.com,Female
407,Jemmie,Adriaens,jadriaensba@mit.edu,Bigender
408,Cindelyn,Severy,cseverybb@delicious.com,Female
409,Calv,Ferraresi,cferraresibc@creativecommons.org,Male
410,Sarge,Scurrell,sscurrellbd@washington.edu,Male
411,Jock,Kemmons,jkemmonsbe@cnn.com,Male
412,Rosetta,Boobyer,rboobyerbf@constantcontact.com,Female
413,Sansone,Scotson,sscotsonbg@umich.edu,Male
414,Robbi,Dunstone,rdunstonebh@angelfire.com,Female
415,Consalve,Adamo,cadamobi@house.gov,Male
416,Charmion,Kubasiewicz,ckubasiewiczbj@thetimes.co.uk,Female
417,Jemie,Geater,jgeaterbk@zdnet.com,Female
418,Mal,Vercruysse,mvercruyssebl@ebay.com,Male
419,Bart,Musico,bmusicobm@freewebs.com,Male
420,Gunner,Itzkov,gitzkovbn@reddit.com,Male
421,Ludvig,Kerne,lkernebo@about.com,Male
422,Ardath,Treher,atreherbp@mozilla.org,Female
423,Nerty,Hiscoke,nhiscokebq@admin.ch,Female
424,Angelina,Burkin,aburkinbr@artisteer.com,Female
425,Spense,Kemmet,skemmetbs@virginia.edu,Male
426,Emelia,Owain,eowainbt@icq.com,Female
427,Zorine,Baxendale,zbaxendalebu@gmpg.org,Female
428,Marthe,Deschlein,mdeschleinbv@tumblr.com,Non-binary
429,Bobbie,Lewinton,blewintonbw@simplemachines.org,Female
430,Ossie,Lefwich,olefwichbx@amazon.co.uk,Male
431,Aubrey,Helwig,ahelwigby@squarespace.com,Male
432,Essy,Winstanley,ewinstanleybz@nbcnews.com,Female
433,Jesselyn,Spinney,jspinneyc0@gmpg.org,Female
434,Teddy,Ogg,toggc1@nationalgeographic.com,Agender
435,Karalynn,Lorans,kloransc2@jalbum.net,Female
436,Farrell,Quimby,fquimbyc3@youku.com,Male
437,Sacha,Nuscha,snuschac4@disqus.com,Bigender
438,Isabelle,Rospars,irosparsc5@state.tx.us,Female
439,Corry,Ramelot,cramelotc6@123-reg.co.uk,Female
440,Worden,Dowle,wdowlec7@mozilla.com,Male
441,Waneta,Dudbridge,wdudbridgec8@telegraph.co.uk,Genderqueer
442,Berti,Witard,bwitardc9@goo.ne.jp,Male
443,Darla,Haimes,dhaimesca@auda.org.au,Female
444,Elsa,Netley,enetleycb@aboutads.info,Female
445,Fritz,Rogeron,frogeroncc@slideshare.net,Polygender
446,Annamarie,Chazotte,achazottecd@ning.com,Female
447,Xylia,Alexander,xalexanderce@netvibes.com,Female
448,Cicily,Haggath,chaggathcf@bandcamp.com,Female
449,Bonnie,Pendrey,bpendreycg@discovery.com,Female
450,Boyd,Chell,bchellch@cpanel.net,Male
451,Carolyn,Fussie,cfussieci@va.gov,Female
452,Noelyn,Butfield,nbutfieldcj@google.com.hk,Female
453,Franklin,Nellies,fnelliesck@mysql.com,Male
454,Caprice,Hazelhurst,chazelhurstcl@pbs.org,Non-binary
455,Derril,Cotilard,dcotilardcm@g.co,Male
456,Leoine,Broy,lbroycn@walmart.com,Genderqueer
457,Godfry,Mellers,gmellersco@accuweather.com,Male
458,Eldridge,Francino,efrancinocp@i2i.jp,Agender
459,Rik,Yakobovitz,ryakobovitzcq@artisteer.com,Male
460,Fidelia,Jahn,fjahncr@arizona.edu,Female
461,Perri,Fraser,pfrasercs@youtu.be,Female
462,Alexandr,O' Clovan,aoclovanct@un.org,Male
463,Saleem,Daborn,sdaborncu@dedecms.com,Male
464,Lacy,Quarterman,lquartermancv@hao123.com,Female
465,Agna,Dewdeny,adewdenycw@meetup.com,Female
466,Marve,Aldcorne,maldcornecx@lycos.com,Male
467,Fredia,Delap,fdelapcy@vistaprint.com,Female
468,Jules,Hartgill,jhartgillcz@amazon.co.uk,Male
469,Abby,Polding,apoldingd0@chicagotribune.com,Male
470,Jordan,Goldes,jgoldesd1@apache.org,Male
471,Fernando,Myatt,fmyattd2@hc360.com,Male
472,Edmund,Tonks,etonksd3@usgs.gov,Male
473,Ferdinanda,Champneys,fchampneysd4@cloudflare.com,Female
474,Valry,Sarl,vsarld5@go.com,Female
475,Adolph,Ruzek,aruzekd6@unesco.org,Male
476,Kevon,Voysey,kvoyseyd7@rediff.com,Male
477,Waylon,Lowell,wlowelld8@springer.com,Male
478,Noland,Blagdon,nblagdond9@unesco.org,Male
479,Eliza,Bailey,ebaileyda@php.net,Female
480,Dodi,Fennell,dfennelldb@topsy.com,Female
481,Emmalynne,Farebrother,efarebrotherdc@mtv.com,Female
482,Alis,Corben,acorbendd@wix.com,Female
483,Jethro,Tollady,jtolladyde@spotify.com,Male
484,Doris,Grief,dgriefdf@paypal.com,Female
485,Bianka,Towner,btownerdg@alibaba.com,Female
486,Arv,Hallet,ahalletdh@adobe.com,Male
487,Virgil,Blunt,vbluntdi@google.cn,Male
488,Adrien,Udell,audelldj@biglobe.ne.jp,Male
489,Kermie,Crowdace,kcrowdacedk@youtube.com,Male
490,Caron,Bechley,cbechleydl@devhub.com,Female
491,Beatrisa,Tribe,btribedm@archive.org,Female
492,Phoebe,Beaty,pbeatydn@oakley.com,Female
493,Twila,Dibnah,tdibnahdo@simplemachines.org,Female
494,Rupert,Seabridge,rseabridgedp@php.net,Male
495,Hadlee,Leele,hleeledq@ebay.co.uk,Male
496,Faye,O'Calleran,focallerandr@cbslocal.com,Female
497,Annelise,Brankley,abrankleyds@illinois.edu,Female
498,Rodrique,Couronne,rcouronnedt@netscape.com,Male
499,Salomon,Gianullo,sgianullodu@thetimes.co.uk,Male
500,Johannes,Altoft,jaltoftdv@artisteer.com,Genderfluid
501,Jeffie,Scanlin,jscanlindw@tinypic.com,Male
502,Torry,Axelbey,taxelbeydx@cpanel.net,Male
503,Yorgo,Tutchener,ytutchenerdy@cpanel.net,Genderqueer
504,Don,Whinney,dwhinneydz@latimes.com,Male
505,Kipp,Vaulkhard,kvaulkharde0@amazon.co.uk,Male
506,Tedmund,Detloff,tdetloffe1@scientificamerican.com,Male
507,Ikey,Mossdale,imossdalee2@wikipedia.org,Male
508,Katti,Hurndall,khurndalle3@psu.edu,Female
509,Murial,Botler,mbotlere4@pinterest.com,Female
510,Torrance,Owbrick,towbricke5@skyrock.com,Male
511,Ramsay,McAuslene,rmcauslenee6@parallels.com,Male
512,Pia,Birkenshaw,pbirkenshawe7@goo.gl,Female
513,Bette,Shulver,bshulvere8@cdbaby.com,Female
514,Lia,Ector,lectore9@ezinearticles.com,Female
515,Gertrud,Dayly,gdaylyea@youtube.com,Female
516,Yasmin,Weedon,yweedoneb@facebook.com,Female
517,Dinny,Bagster,dbagsterec@msu.edu,Female
518,Elvina,Rospars,erosparsed@paypal.com,Female
519,Rodrigo,Manwaring,rmanwaringee@oakley.com,Male
520,Mandy,Dickins,mdickinsef@unicef.org,Female
521,Zane,Poskitt,zposkitteg@intel.com,Male
522,Waiter,Edsall,wedsalleh@liveinternet.ru,Male
523,Ronnie,Neles,rnelesei@g.co,Male
524,Blondell,Etchell,betchellej@umn.edu,Bigender
525,Fifi,Marconi,fmarconiek@diigo.com,Female
526,Harlen,Ayce,hayceel@fema.gov,Male
527,Karlens,Crix,kcrixem@ustream.tv,Male
528,Cymbre,Cotman,ccotmanen@wp.com,Female
529,Arri,Grivori,agrivorieo@shop-pro.jp,Male
530,Hedvig,Hartly,hhartlyep@goodreads.com,Female
531,Leonora,Padley,lpadleyeq@mozilla.org,Female
532,Lucian,Boyack,lboyacker@infoseek.co.jp,Polygender
533,Gwyn,Quinton,gquintones@alexa.com,Female
534,Justinn,Derkes,jderkeset@jiathis.com,Female
535,Ronny,Rolse,rrolseeu@networkadvertising.org,Male
536,Tobey,Winscom,twinscomev@yahoo.co.jp,Female
537,Modestia,Nutley,mnutleyew@tamu.edu,Female
538,Phip,Darwin,pdarwinex@vimeo.com,Male
539,Boycie,Cheine,bcheineey@surveymonkey.com,Male
540,Laurella,Jonah,ljonahez@ask.com,Female
541,Bertram,Halliburton,bhalliburtonf0@gov.uk,Male
542,Bianca,Leas,bleasf1@washington.edu,Female
543,Marylin,Plumbley,mplumbleyf2@multiply.com,Female
544,Kassie,Gocke,kgockef3@amazon.co.uk,Female
545,Hedvig,Stygall,hstygallf4@dmoz.org,Genderfluid
546,Peyter,Tarzey,ptarzeyf5@1688.com,Male
547,Cherry,McLeoid,cmcleoidf6@indiegogo.com,Female
548,Filbert,Brose,fbrosef7@archive.org,Male
549,Deana,Clingoe,dclingoef8@unblog.fr,Female
550,Jozef,Roycroft,jroycroftf9@time.com,Male
551,Lurette,Byfield,lbyfieldfa@ask.com,Female
552,Brana,Heak,bheakfb@comsenz.com,Female
553,Byrom,Kibbey,bkibbeyfc@mozilla.com,Male
554,Lucais,Chuter,lchuterfd@answers.com,Male
555,Archambault,Davidzon,adavidzonfe@netlog.com,Male
556,Alli,Tingcomb,atingcombff@indiegogo.com,Female
557,Romonda,Nayer,rnayerfg@go.com,Female
558,Bendick,Harefoot,bharefootfh@360.cn,Male
559,Rosie,Kennan,rkennanfi@pagesperso-orange.fr,Female
560,Rebbecca,Antoniewicz,rantoniewiczfj@ezinearticles.com,Female
561,Dolorita,Hacquel,dhacquelfk@360.cn,Female
562,Kean,Jakab,kjakabfl@homestead.com,Polygender
563,Filippo,Greenhouse,fgreenhousefm@latimes.com,Male
564,Rori,Whimp,rwhimpfn@hostgator.com,Genderqueer
565,Tonya,Dummett,tdummettfo@noaa.gov,Female
566,Westleigh,Peasegod,wpeasegodfp@dion.ne.jp,Polygender
567,Mollie,Tolhurst,mtolhurstfq@wikimedia.org,Female
568,Happy,Archbald,harchbaldfr@addthis.com,Female
569,Franny,Franzel,ffranzelfs@list-manage.com,Genderfluid
570,Ferd,Grayham,fgrayhamft@51.la,Male
571,Griffin,Blincow,gblincowfu@jalbum.net,Male
572,Torrence,Silversmid,tsilversmidfv@ow.ly,Male
573,Georg,Navein,gnaveinfw@msu.edu,Male
574,Malissia,McAmish,mmcamishfx@mit.edu,Female
575,Gerri,Nowakowska,gnowakowskafy@webs.com,Female
576,Ilysa,Tonbridge,itonbridgefz@tmall.com,Female
577,Johanna,Cansfield,jcansfieldg0@statcounter.com,Female
578,Jan,Tremmil,jtremmilg1@multiply.com,Female
579,Candide,Anchor,canchorg2@xing.com,Female
580,Cesaro,Hedon,chedong3@dmoz.org,Male
581,Cahra,Fawcitt,cfawcittg4@goo.gl,Female
582,Cristabel,Binder,cbinderg5@gravatar.com,Female
583,Tracy,Orr,torrg6@independent.co.uk,Female
584,Bancroft,Coey,bcoeyg7@hc360.com,Male
585,Gibby,Hagan,ghagang8@wix.com,Male
586,Mollee,Craxford,mcraxfordg9@house.gov,Female
587,Krystyna,Blow,kblowga@unicef.org,Agender
588,Melamie,Byrde,mbyrdegb@house.gov,Female
589,Hattie,Pavlik,hpavlikgc@goo.gl,Female
590,Randal,Checkley,rcheckleygd@hubpages.com,Male
591,Kylie,Barszczewski,kbarszczewskige@cbslocal.com,Female
592,Tatiania,Blow,tblowgf@vk.com,Female
593,Haze,Tainton,htaintongg@intel.com,Male
594,Anetta,Howison,ahowisongh@qq.com,Female
595,Hagan,McGuire,hmcguiregi@xrea.com,Male
596,Cliff,Ewdale,cewdalegj@ameblo.jp,Male
597,Deck,Yukhin,dyukhingk@artisteer.com,Male
598,Dixie,Janzen,djanzengl@salon.com,Female
599,Jannel,MacGowing,jmacgowinggm@mozilla.org,Female
600,Fidel,Shirt,fshirtgn@i2i.jp,Male
601,Branden,Blakeney,bblakeneygo@apple.com,Male
602,Siegfried,Linden,slindengp@businessweek.com,Male
603,Viviyan,Swinburn,vswinburngq@desdev.cn,Female
604,Erek,Vials,evialsgr@globo.com,Male
605,Marin,Connerry,mconnerrygs@qq.com,Female
606,Devonna,Whear,dwheargt@dagondesign.com,Female
607,Kelly,Coverly,kcoverlygu@sitemeter.com,Female
608,Andrej,Ricciardi,aricciardigv@wordpress.org,Male
609,Robbie,Zapater,rzapatergw@goo.gl,Male
610,Josey,Anthony,janthonygx@twitter.com,Female
611,Grenville,Lafond,glafondgy@adobe.com,Male
612,Seline,Berick,sberickgz@scribd.com,Female
613,Nelly,Blackaller,nblackallerh0@macromedia.com,Female
614,Danna,Mashal,dmashalh1@gov.uk,Female
615,Stephana,Warlton,swarltonh2@bbc.co.uk,Female
616,Mariejeanne,Strivens,mstrivensh3@rediff.com,Female
617,Rosita,Farrow,rfarrowh4@privacy.gov.au,Female
618,Randi,Belhomme,rbelhommeh5@yahoo.com,Male
619,Ricoriki,Gritsaev,rgritsaevh6@multiply.com,Male
620,Camilla,Garnsworthy,cgarnsworthyh7@spiegel.de,Female
621,Modesta,Newis,mnewish8@elegantthemes.com,Female
622,Alvie,Curnick,acurnickh9@wix.com,Bigender
623,Lucille,Hirtzmann,lhirtzmannha@over-blog.com,Female
624,Adolphus,Espino,aespinohb@skyrock.com,Male
625,Hermon,Jorgesen,hjorgesenhc@timesonline.co.uk,Male
626,Drucy,Overstone,doverstonehd@bluehost.com,Female
627,Neilla,Tilbey,ntilbeyhe@usgs.gov,Female
628,Brita,Hebble,bhebblehf@dedecms.com,Female
629,Etan,Roggero,eroggerohg@microsoft.com,Male
630,Giselbert,Muirhead,gmuirheadhh@cdc.gov,Male
631,Taite,Kimblin,tkimblinhi@miitbeian.gov.cn,Male
632,Sonni,Gotch,sgotchhj@boston.com,Female
633,Marleah,Blaksley,mblaksleyhk@nymag.com,Female
634,Corabel,Wainwright,cwainwrighthl@ning.com,Female
635,Daile,Catley,dcatleyhm@java.com,Female
636,Danya,Heams,dheamshn@cmu.edu,Male
637,Waylen,Rivers,wriversho@answers.com,Bigender
638,Arlin,Avis,aavishp@ucoz.ru,Male
639,Ursa,Le Brun,ulebrunhq@un.org,Female
640,Leighton,Sandal,lsandalhr@i2i.jp,Male
641,Brigham,Leach,bleachhs@deviantart.com,Male
642,Carol,Sturgeon,csturgeonht@intel.com,Female
643,Emeline,McWard,emcwardhu@examiner.com,Agender
644,Gan,Kiloh,gkilohhv@toplist.cz,Male
645,Waldon,Whordley,wwhordleyhw@disqus.com,Male
646,Lorrie,Buckie,lbuckiehx@free.fr,Male
647,Nikolai,Ewbach,newbachhy@altervista.org,Male
648,Madelyn,Croxon,mcroxonhz@tamu.edu,Female
649,Steward,McGuckin,smcguckini0@soundcloud.com,Male
650,Nanci,Ogdahl,nogdahli1@ehow.com,Female
651,Golda,Borsay,gborsayi2@usda.gov,Female
652,Tull,Morrieson,tmorriesoni3@plala.or.jp,Male
653,Caspar,Santello,csantelloi4@tuttocitta.it,Male
654,Loren,Menguy,lmenguyi5@hp.com,Female
655,Arliene,Morpeth,amorpethi6@deliciousdays.com,Female
656,Way,Watling,wwatlingi7@acquirethisname.com,Male
657,Barnabas,Mattocks,bmattocksi8@vimeo.com,Male
658,Collin,Semper,csemperi9@wp.com,Male
659,Betteann,Schwandermann,bschwandermannia@yellowpages.com,Female
660,Filmer,Varlow,fvarlowib@g.co,Male
661,Tully,Vanstone,tvanstoneic@ihg.com,Male
662,Elfrieda,Kauschke,ekauschkeid@bluehost.com,Female
663,Dorey,Duplock,dduplockie@google.com.br,Female
664,Charmine,Depke,cdepkeif@joomla.org,Female
665,Lorne,Pinnere,lpinnereig@cocolog-nifty.com,Male
666,Tadeo,Algy,talgyih@nyu.edu,Male
667,Johnath,Holleran,jholleranii@51.la,Genderfluid
668,Raimundo,Tipper,rtipperij@nature.com,Male
669,Adey,Devany,adevanyik@washingtonpost.com,Female
670,Bathsheba,Benton,bbentonil@prlog.org,Female
671,Otto,Ladel,oladelim@mozilla.com,Male
672,Alleyn,Bullent,abullentin@shop-pro.jp,Male
673,Zacharie,Brason,zbrasonio@tmall.com,Male
674,Kiah,Dat,kdatip@phoca.cz,Female
675,Gabrila,Bearfoot,gbearfootiq@webeden.co.uk,Female
676,Kiersten,Gonnet,kgonnetir@weather.com,Female
677,Lezley,Jerschke,ljerschkeis@epa.gov,Male
678,Merill,Eastham,measthamit@blinklist.com,Male
679,Phelia,Urian,purianiu@wsj.com,Female
680,Collete,Crome,ccromeiv@gizmodo.com,Female
681,Chev,Fardy,cfardyiw@webnode.com,Genderfluid
682,Etti,Yanov,eyanovix@miitbeian.gov.cn,Female
683,Jereme,Demer,jdemeriy@phoca.cz,Male
684,Michaela,Torn,mtorniz@howstuffworks.com,Female
685,Fannie,Heller,fhellerj0@digg.com,Female
686,Malinde,Hourston,mhourstonj1@bloglovin.com,Female
687,Gwenni,Gurr,ggurrj2@toplist.cz,Female
688,Heddi,Mousby,hmousbyj3@over-blog.com,Female
689,Jo,Crabbe,jcrabbej4@desdev.cn,Male
690,Vevay,Rosen,vrosenj5@goo.gl,Female
691,Beau,Spikings,bspikingsj6@apple.com,Male
692,Ab,Pascoe,apascoej7@sciencedaily.com,Male
693,Roddy,Lampkin,rlampkinj8@usatoday.com,Bigender
694,Karilynn,Semerad,ksemeradj9@disqus.com,Female
695,Konstantin,Keggins,kkegginsja@ft.com,Male
696,Rosemarie,Lux,rluxjb@irs.gov,Female
697,Marinna,Doylend,mdoylendjc@last.fm,Female
698,Barret,Wildber,bwildberjd@marriott.com,Male
699,Jobie,Buffy,jbuffyje@opensource.org,Bigender
700,Kyla,Wiggin,kwigginjf@huffingtonpost.com,Female
701,Moritz,Forrestill,mforrestilljg@samsung.com,Bigender
702,Tasha,Sheppey,tsheppeyjh@msn.com,Female
703,Lannie,Scuse,lscuseji@homestead.com,Male
704,Sebastian,Leete,sleetejj@nymag.com,Male
705,Jaynell,Code,jcodejk@aboutads.info,Female
706,Randy,Finch,rfinchjl@tamu.edu,Male
707,Joyan,De Bruijn,jdebruijnjm@intel.com,Female
708,Salvidor,Attaway,sattawayjn@whitehouse.gov,Male
709,Claudette,Winsbury,cwinsburyjo@loc.gov,Female
710,Brittani,Ledbury,bledburyjp@google.ca,Female
711,Rupert,Darleston,rdarlestonjq@cornell.edu,Male
712,Sophi,Powelee,spoweleejr@cpanel.net,Female
713,Marley,Tomlinson,mtomlinsonjs@state.gov,Female
714,Joel,Griffithe,jgriffithejt@cdbaby.com,Male
715,Murielle,Alekseicik,malekseicikju@ucla.edu,Female
716,Angie,Melbury,amelburyjv@dailymail.co.uk,Female
717,Warren,Breede,wbreedejw@ow.ly,Male
718,Kelbee,Kirkpatrick,kkirkpatrickjx@businesswire.com,Male
719,Klara,Scorrer,kscorrerjy@forbes.com,Female
720,Sephira,Eborall,seboralljz@icq.com,Female
721,Almeda,Pembry,apembryk0@uiuc.edu,Female
722,Finlay,Iddison,fiddisonk1@rediff.com,Male
723,Saraann,Bockh,sbockhk2@youku.com,Female
724,Sansone,Sterndale,ssterndalek3@quantcast.com,Male
725,Glendon,Blackater,gblackaterk4@freewebs.com,Male
726,Marketa,Coulston,mcoulstonk5@youtu.be,Female
727,Beryl,Fortnon,bfortnonk6@parallels.com,Agender
728,Wilona,Strand,wstrandk7@vinaora.com,Female
729,Dane,Plumstead,dplumsteadk8@yahoo.com,Male
730,Joshia,Crockford,jcrockfordk9@fotki.com,Male
731,Aloin,Sebrook,asebrookka@boston.com,Male
732,Shane,Surman,ssurmankb@aboutads.info,Male
733,Herbert,Govenlock,hgovenlockkc@wunderground.com,Male
734,Peri,Maghull,pmaghullkd@networkadvertising.org,Female
735,Tibold,Whaley,twhaleyke@virginia.edu,Male
736,Sidonia,Heape,sheapekf@zimbio.com,Female
737,Toddy,Mandre,tmandrekg@nydailynews.com,Male
738,Ebonee,Elmar,eelmarkh@amazon.co.jp,Genderfluid
739,Margot,Stonbridge,mstonbridgeki@pen.io,Female
740,Winfred,Orteau,worteaukj@histats.com,Male
741,Gail,Congdon,gcongdonkk@hao123.com,Male
742,Hurlee,Bargery,hbargerykl@geocities.com,Male
743,Roselle,Stagge,rstaggekm@nba.com,Female
744,Dirk,Rubroe,drubroekn@comsenz.com,Male
745,Arden,Donneely,adonneelyko@cnn.com,Female
746,Randie,Sandry,rsandrykp@indiegogo.com,Male
747,Jandy,Matterface,jmatterfacekq@drupal.org,Female
748,Anna-maria,Abramzon,aabramzonkr@mail.ru,Female
749,Jacinthe,Cayton,jcaytonks@shop-pro.jp,Female
750,Rad,Mirrlees,rmirrleeskt@europa.eu,Male
751,Aleksandr,Phin,aphinku@ebay.co.uk,Male
752,Timmy,Andrusov,tandrusovkv@tripadvisor.com,Female
753,Marcos,Inchbald,minchbaldkw@apple.com,Male
754,Dean,Letty,dlettykx@huffingtonpost.com,Male
755,Alissa,Bentson,abentsonky@ovh.net,Female
756,Jemmie,Garric,jgarrickz@wired.com,Female
757,Janos,Misson,jmissonl0@google.com.au,Male
758,Raina,Tembey,rtembeyl1@walmart.com,Female
759,Suzann,Campes,scampesl2@tuttocitta.it,Female
760,Clywd,Pack,cpackl3@so-net.ne.jp,Male
761,Vincenz,Oger,vogerl4@icio.us,Male
762,Cal,Maltster,cmaltsterl5@123-reg.co.uk,Female
763,Westley,Watkiss,wwatkissl6@squarespace.com,Male
764,Ashely,Dowd,adowdl7@hibu.com,Non-binary
765,Cort,Stuer,cstuerl8@imgur.com,Male
766,Norean,Beel,nbeell9@mashable.com,Female
767,Freda,Beeckx,fbeeckxla@artisteer.com,Female
768,Rahel,Kantor,rkantorlb@technorati.com,Polygender
769,Albert,Heintze,aheintzelc@census.gov,Male
770,Moll,Beeres,mbeeresld@bravesites.com,Female
771,Nathaniel,Wearden,nweardenle@squidoo.com,Male
772,Meier,Makiver,mmakiverlf@yellowpages.com,Male
773,Jena,Tribble,jtribblelg@youtu.be,Bigender
774,Leanor,Ashbridge,lashbridgelh@sitemeter.com,Female
775,Marielle,Assard,massardli@liveinternet.ru,Female
776,Alejandro,Otson,aotsonlj@cbsnews.com,Agender
777,Daven,Formie,dformielk@weibo.com,Male
778,Sula,Braunlein,sbraunleinll@washingtonpost.com,Female
779,Justinn,Bevans,jbevanslm@cbc.ca,Female
780,Cathyleen,Colbrun,ccolbrunln@google.nl,Female
781,Arni,Boichat,aboichatlo@blinklist.com,Male
782,Casie,Hacard,chacardlp@jugem.jp,Female
783,Wendel,Hammill,whammilllq@yale.edu,Male
784,Leupold,Lukash,llukashlr@adobe.com,Male
785,Marie-ann,Youhill,myouhillls@biglobe.ne.jp,Polygender
786,Kiele,Clemmett,kclemmettlt@harvard.edu,Female
787,Cornelius,Wabe,cwabelu@cpanel.net,Male
788,Leonelle,Hayer,lhayerlv@icio.us,Female
789,Griz,Izhak,gizhaklw@xrea.com,Male
790,Petra,Beuscher,pbeuscherlx@vk.com,Female
791,Sonnnie,Florentine,sflorentinely@cbslocal.com,Female
792,Joel,Yanez,jyanezlz@oaic.gov.au,Male
793,Linell,Bartley,lbartleym0@discovery.com,Genderfluid
794,Ray,Jedrzejewski,rjedrzejewskim1@gravatar.com,Male
795,Britney,Grass,bgrassm2@ezinearticles.com,Female
796,Anny,McRannell,amcrannellm3@list-manage.com,Female
797,Fidole,Vanyashkin,fvanyashkinm4@guardian.co.uk,Genderqueer
798,Raimund,Doddrell,rdoddrellm5@accuweather.com,Male
799,Derron,Denford,ddenfordm6@about.me,Male
800,Chrissie,Quakley,cquakleym7@census.gov,Male
801,Allie,Daton,adatonm8@sciencedaily.com,Male
802,Claudell,Halward,chalwardm9@wunderground.com,Non-binary
803,Florinda,oldey,foldeyma@rambler.ru,Female
804,Pasquale,Fisk,pfiskmb@sitemeter.com,Male
805,Craggie,Middup,cmiddupmc@ycombinator.com,Male
806,Juline,Lidgett,jlidgettmd@irs.gov,Female
807,Joel,Ducham,jduchamme@wunderground.com,Male
808,Huntley,Carnie,hcarniemf@spiegel.de,Male
809,Barri,Hancke,bhanckemg@last.fm,Male
810,Gabie,Bromont,gbromontmh@360.cn,Genderfluid
811,Madlen,Barribal,mbarribalmi@netvibes.com,Female
812,Zondra,Well,zwellmj@twitpic.com,Female
813,Gnni,Challender,gchallendermk@oracle.com,Female
814,Marjory,Dornan,mdornanml@thetimes.co.uk,Female
815,Way,Gilkison,wgilkisonmm@tamu.edu,Male
816,Kyle,Bowmen,kbowmenmn@businessinsider.com,Male
817,Westleigh,Polotti,wpolottimo@exblog.jp,Non-binary
818,Glenn,Priden,gpridenmp@geocities.jp,Male
819,Penny,Haysman,phaysmanmq@blogs.com,Male
820,Sheffy,Bartolomucci,sbartolomuccimr@bizjournals.com,Male
821,Dinnie,Iannetti,diannettims@who.int,Female
822,Danette,Kendle,dkendlemt@tmall.com,Female
823,Giavani,Grimshaw,ggrimshawmu@4shared.com,Male
824,Claiborne,Paladino,cpaladinomv@amazon.co.jp,Male
825,Ellette,Rakes,erakesmw@oracle.com,Female
826,Regen,Vermer,rvermermx@bloglines.com,Male
827,Gussy,Trolley,gtrolleymy@so-net.ne.jp,Non-binary
828,Betty,Coil,bcoilmz@uol.com.br,Female
829,Silvester,Brownsea,sbrownsean0@shareasale.com,Male
830,Pat,Birkwood,pbirkwoodn1@cornell.edu,Male
831,Derril,Larderot,dlarderotn2@chicagotribune.com,Male
832,Benny,Crosoer,bcrosoern3@nba.com,Female
833,Derril,Sharrocks,dsharrocksn4@boston.com,Male
834,Jerrie,Reasce,jreascen5@ftc.gov,Male
835,Aksel,Penkman,apenkmann6@yellowbook.com,Male
836,Raquela,Joscelin,rjoscelinn7@histats.com,Female
837,Farly,Lugton,flugtonn8@amazon.de,Male
838,Emmy,Gilfether,egilfethern9@fda.gov,Female
839,Kit,Addicote,kaddicotena@dot.gov,Female
840,Eileen,Capron,ecapronnb@tuttocitta.it,Female
841,Kippie,Mervyn,kmervynnc@noaa.gov,Male
842,Marja,Wavish,mwavishnd@google.it,Female
843,Kristel,Flea,kfleane@theatlantic.com,Female
844,Ilysa,Smaile,ismailenf@salon.com,Female
845,Basile,Syres,bsyresng@gmpg.org,Male
846,Artemas,Blaik,ablaiknh@google.com,Male
847,Marcel,Bottoner,mbottonerni@icio.us,Male
848,Cora,Antoni,cantoninj@webeden.co.uk,Female
849,Carree,Tanswell,ctanswellnk@youku.com,Female
850,Benedikt,Klimp,bklimpnl@reverbnation.com,Male
851,Mireielle,Hinstock,mhinstocknm@mozilla.org,Female
852,Lind,Esslement,lesslementnn@theatlantic.com,Genderqueer
853,Guss,Sutter,gsutterno@irs.gov,Male
854,Curran,Pally,cpallynp@google.cn,Male
855,Bendicty,Chesterman,bchestermannq@angelfire.com,Male
856,Delmar,Balshaw,dbalshawnr@ucoz.ru,Male
857,Benjie,Shillabeare,bshillabearens@ucoz.ru,Male
858,Barry,Cockney,bcockneynt@yahoo.co.jp,Male
859,Hadleigh,Masson,hmassonnu@disqus.com,Male
860,Nollie,Boden,nbodennv@independent.co.uk,Male
861,Duke,Szymon,dszymonnw@ask.com,Bigender
862,Dulce,Notton,dnottonnx@gov.uk,Female
863,Christine,Martlew,cmartlewny@slate.com,Female
864,Wainwright,Olifaunt,wolifauntnz@buzzfeed.com,Male
865,Aurelea,Greed,agreedo0@topsy.com,Female
866,Sky,Jantzen,sjantzeno1@istockphoto.com,Male
867,Winifred,Georgius,wgeorgiuso2@macromedia.com,Female
868,Tuckie,McWhan,tmcwhano3@imdb.com,Male
869,Padget,Boys,pboyso4@arizona.edu,Male
870,Burk,Veeler,bveelero5@noaa.gov,Male
871,Annabelle,Minmagh,aminmagho6@salon.com,Female
872,Sybilla,Wratten,swratteno7@ning.com,Genderqueer
873,Orel,Tennewell,otennewello8@hao123.com,Agender
874,Rik,Gaskamp,rgaskampo9@tuttocitta.it,Male
875,Padget,Mosley,pmosleyoa@state.gov,Agender
876,Lucretia,Vannucci,lvannucciob@kickstarter.com,Female
877,Cully,Wichard,cwichardoc@rambler.ru,Male
878,Denise,Ferran,dferranod@admin.ch,Female
879,Harlin,Tutchener,htutcheneroe@icio.us,Male
880,Veronique,Buxy,vbuxyof@engadget.com,Female
881,Miof mela,Sherlock,msherlockog@ted.com,Bigender
882,Felike,Foukx,ffoukxoh@symantec.com,Male
883,Brunhilde,Schall,bschalloi@netlog.com,Female
884,Kylie,Sargood,ksargoodoj@drupal.org,Female
885,Porty,Biskupek,pbiskupekok@canalblog.com,Male
886,Sigismondo,Stollery,sstolleryol@bandcamp.com,Male
887,Joela,Haycraft,jhaycraftom@ow.ly,Female
888,Richart,Wisbey,rwisbeyon@reference.com,Male
889,Immanuel,Whichelow,iwhichelowoo@zimbio.com,Male
890,Beaufort,Kedie,bkedieop@nytimes.com,Male
891,Clifford,Laffin,claffinoq@surveymonkey.com,Male
892,Garv,Simonsen,gsimonsenor@reverbnation.com,Genderqueer
893,Weidar,Crowdson,wcrowdsonos@github.com,Male
894,Meryl,Piddletown,mpiddletownot@omniture.com,Female
895,Ania,Klimke,aklimkeou@imdb.com,Female
896,Cassondra,Braksper,cbraksperov@delicious.com,Female
897,Laurel,Threlfall,lthrelfallow@who.int,Female
898,Tobit,Cerith,tcerithox@bloglines.com,Male
899,Dina,Boggis,dboggisoy@geocities.jp,Female
900,Cristin,Bentson,cbentsonoz@myspace.com,Female
901,El,Faughey,efaugheyp0@twitpic.com,Male
902,Lissa,Romeo,lromeop1@plala.or.jp,Female
903,Westleigh,Rogister,wrogisterp2@mlb.com,Male
904,Manfred,Kezourec,mkezourecp3@opera.com,Male
905,Sela,Allin,sallinp4@wordpress.com,Female
906,Naomi,Rooson,nroosonp5@bloglines.com,Female
907,Calvin,Pentelo,cpentelop6@deviantart.com,Male
908,Janina,Hemeret,jhemeretp7@irs.gov,Female
909,Saundra,Koche,skochep8@dell.com,Female
910,Carry,Joanic,cjoanicp9@netscape.com,Female
911,Neile,Abramzon,nabramzonpa@shop-pro.jp,Female
912,Martguerita,Izaac,mizaacpb@sun.com,Non-binary
913,Far,D'Onisi,fdonisipc@ebay.co.uk,Male
914,Joceline,Piercey,jpierceypd@freewebs.com,Female
915,Arne,Biasetti,abiasettipe@bravesites.com,Male
916,Kenn,Dreye,kdreyepf@google.fr,Male
917,Beth,Borer,bborerpg@whitehouse.gov,Female
918,Bettine,Gerardeaux,bgerardeauxph@domainmarket.com,Female
919,Reggie,Judgkins,rjudgkinspi@shinystat.com,Female
920,Cedric,Valentin,cvalentinpj@unicef.org,Male
921,Chadd,Maccaddie,cmaccaddiepk@ox.ac.uk,Male
922,Chuck,Swaddle,cswaddlepl@oaic.gov.au,Male
923,Dewain,Denyukin,ddenyukinpm@flickr.com,Male
924,Celia,Shotbolt,cshotboltpn@comsenz.com,Female
925,Dulcea,Dutteridge,ddutteridgepo@eepurl.com,Female
926,Fabio,Julyan,fjulyanpp@wordpress.com,Male
927,Jimmy,Crame,jcramepq@timesonline.co.uk,Male
928,Merrel,Copnar,mcopnarpr@jugem.jp,Male
929,Beth,Brauner,bbraunerps@topsy.com,Female
930,Amber,Bountiff,abountiffpt@cargocollective.com,Female
931,Cynde,Thorbon,cthorbonpu@yale.edu,Female
932,Glenine,MacKissack,gmackissackpv@businessinsider.com,Female
933,Sonnie,Heinicke,sheinickepw@china.com.cn,Female
934,Johannah,Dedden,jdeddenpx@icq.com,Female
935,Malynda,Ricoald,mricoaldpy@bluehost.com,Female
936,Arri,Fey,afeypz@wisc.edu,Genderqueer
937,Morris,Wight,mwightq0@spotify.com,Male
938,Martina,Tellett,mtellettq1@a8.net,Female
939,Pearle,Kike,pkikeq2@wsj.com,Female
940,Olenka,Olivi,ooliviq3@bbc.co.uk,Female
941,Jacklin,Tibald,jtibaldq4@com.com,Female
942,Alayne,Maffei,amaffeiq5@soundcloud.com,Genderqueer
943,Putnam,De Paepe,pdepaepeq6@myspace.com,Male
944,Nanni,Jackling,njacklingq7@pbs.org,Female
945,Erny,Rickis,erickisq8@yandex.ru,Male
946,Teresina,Leil,tleilq9@bbc.co.uk,Female
947,Harriet,Ladley,hladleyqa@about.com,Female
948,Kerianne,Dews,kdewsqb@163.com,Female
949,Florenza,Tonbridge,ftonbridgeqc@google.ca,Female
950,Oneida,Velti,oveltiqd@dedecms.com,Female
951,Augie,Willacot,awillacotqe@marriott.com,Male
952,Gregoor,Tolwood,gtolwoodqf@foxnews.com,Male
953,Beryle,Dyers,bdyersqg@odnoklassniki.ru,Female
954,Davin,MacRinn,dmacrinnqh@friendfeed.com,Male
955,Sylvia,Towsie,stowsieqi@w3.org,Female
956,Ignacio,Stanaway,istanawayqj@fda.gov,Male
957,Bernarr,Burnard,bburnardqk@nih.gov,Male
958,Waverly,Ollander,wollanderql@hp.com,Male
959,Gaspard,Belchamber,gbelchamberqm@i2i.jp,Male
960,Stern,Gawthrop,sgawthropqn@rambler.ru,Male
961,Aldis,Chretien,achretienqo@cafepress.com,Male
962,Rania,Hallaways,rhallawaysqp@jiathis.com,Female
963,Jere,Davydzenko,jdavydzenkoqq@wired.com,Male
964,Deb,Sisey,dsiseyqr@aboutads.info,Female
965,Morris,Heugle,mheugleqs@ox.ac.uk,Agender
966,Chere,Boddington,cboddingtonqt@weibo.com,Female
967,Rhona,Hall-Gough,rhallgoughqu@com.com,Female
968,Kirstyn,Beauman,kbeaumanqv@hud.gov,Female
969,Mathe,Insko,minskoqw@unc.edu,Male
970,Rozelle,Moller,rmollerqx@cbc.ca,Genderfluid
971,Raynard,Dumpleton,rdumpletonqy@xing.com,Male
972,Donall,Haighton,dhaightonqz@timesonline.co.uk,Male
973,Humberto,Torfin,htorfinr0@epa.gov,Genderqueer
974,Kristien,Verriour,kverriourr1@bizjournals.com,Female
975,Burk,D'Elias,bdeliasr2@ucoz.ru,Male
976,Pip,Lintill,plintillr3@thetimes.co.uk,Male
977,Sergio,Heball,sheballr4@pcworld.com,Male
978,Sandor,Sperski,ssperskir5@bigcartel.com,Male
979,Keely,Frears,kfrearsr6@elpais.com,Female
980,Ainslie,Nayer,anayerr7@gizmodo.com,Female
981,Mireielle,Meddick,mmeddickr8@themeforest.net,Female
982,Timothee,Drysdell,tdrysdellr9@umn.edu,Male
983,Thacher,Lorenzini,tlorenzinira@wikispaces.com,Male
984,Henrieta,Teasey,hteaseyrb@ezinearticles.com,Female
985,Grannie,Murtimer,gmurtimerrc@msn.com,Male
986,Tiertza,Sushams,tsushamsrd@sphinn.com,Female
987,Kaylee,Dibley,kdibleyre@twitter.com,Female
988,Beauregard,Findley,bfindleyrf@alibaba.com,Male
989,Valentine,Berns,vbernsrg@ibm.com,Male
990,Kendall,Dimbleby,kdimblebyrh@youtu.be,Male
991,Mattias,Soff,msoffri@theatlantic.com,Male
992,Sigfrid,Mather,smatherrj@globo.com,Male
993,Jesse,Precious,jpreciousrk@wired.com,Male
994,Wilone,Vellender,wvellenderrl@networkadvertising.org,Female
995,Inger,Kilsby,ikilsbyrm@wisc.edu,Polygender
996,Hedwig,Hasslocher,hhasslocherrn@prweb.com,Female
997,Millard,Wrightam,mwrightamro@blogspot.com,Male
998,Dwayne,Pigott,dpigottrp@youku.com,Male
999,Tarra,Bernardy,tbernardyrq@list-manage.com,Female
1000,Brandais,Goldsberry,bgoldsberryrr@google.ru,Female
